date=2019-04-25,time=11:10:58,"logid=""0004000017""","type=""traffic""","subtype=""sniffer""","level=""notice""","vd=""root""",eventtime=1556158258,srcip=14.32.109.30,"srcname=""PC-SECURITY-SPC""",srcport=62701,"srcintf=""port14""","srcintfrole=""lan""",dstip=10.60.15.43,dstport=15000,"dstintf=""port14""","dstintfrole=""lan""",sessionid=315800685,proto=17,"action=""accept""",policyid=4,"policytype=""sniffer""","service=""udp/15000""","dstcountry=""Reserved""","srccountry=""Reserved""","trandisp=""snat""",transip=0.0.0.0,transport=0,duration=180,sentbyte=224,rcvdbyte=0,sentpkt=0,rcvdpkt=0,"appcat=""unscanned""","devtype=""Windows","PC""","devcategory=""None""","osname=""Windows""","osversion=""7""","mastersrcmac=""00:19:99:c5:ea:30""","srcmac=""00:19:99:c5:ea:30""",srcserver=0,,,,,,,,,,,,,,,
date=2019-04-25,time=11:10:58,"logid=""0004000017""","type=""traffic""","subtype=""sniffer""","level=""notice""","vd=""root""",eventtime=1556158258,srcip=14.32.109.30,"srcname=""PC-SECURITY-SPC""",srcport=62696,"srcintf=""port14""","srcintfrole=""lan""",dstip=20.220.1.88,dstport=22,"dstintf=""port14""","dstintfrole=""lan""",sessionid=315800683,proto=17,"action=""accept""",policyid=4,"policytype=""sniffer""","service=""udp/15035""","dstcountry=""United","States""","srccountry=""Reserved""","trandisp=""snat""",transip=0.0.0.0,transport=0,duration=180,sentbyte=224,rcvdbyte=0,sentpkt=0,rcvdpkt=0,"appcat=""unscanned""","devtype=""Windows","PC""","devcategory=""None""","osname=""Windows""","osversion=""7""","mastersrcmac=""00:19:99:c5:ea:30""","srcmac=""00:19:99:c5:ea:30""",srcserver=0,,,,,,,,,,,,,,
date=2019-04-25,time=11:10:58,"logid=""0004000017""","type=""traffic""","subtype=""sniffer""","level=""notice""","vd=""root""",eventtime=1556158258,srcip=14.32.109.30,"srcname=""PC-SECURITY-SPC""",srcport=62690,"srcintf=""port14""","srcintfrole=""lan""",dstip=20.220.1.88,dstport=22,"dstintf=""port14""","dstintfrole=""lan""",sessionid=315800681,proto=17,"action=""accept""",policyid=4,"policytype=""sniffer""","service=""udp/15035""","dstcountry=""United","States""","srccountry=""Reserved""","trandisp=""snat""",transip=0.0.0.0,transport=0,duration=180,sentbyte=824,rcvdbyte=0,sentpkt=0,rcvdpkt=0,"appcat=""unscanned""","devtype=""Windows","PC""","devcategory=""None""","osname=""Windows""","osversion=""7""","mastersrcmac=""00:19:99:c5:ea:30""","srcmac=""00:19:99:c5:ea:30""",srcserver=0,,,,,,,,,,,,,,
date=2019-04-25,time=11:10:58,"logid=""0004000017""","type=""traffic""","subtype=""sniffer""","level=""notice""","vd=""root""",eventtime=1556158258,srcip=14.32.109.30,"srcname=""PC-SECURITY-SPC""",srcport=62684,"srcintf=""port14""","srcintfrole=""lan""",dstip=30.10.50.149,dstport=22,"dstintf=""port14""","dstintfrole=""lan""",sessionid=315800679,proto=17,"action=""accept""",policyid=4,"policytype=""sniffer""","service=""udp/15035""","dstcountry=""United","States""","srccountry=""Reserved""","trandisp=""snat""",transip=0.0.0.0,transport=0,duration=180,sentbyte=80,rcvdbyte=0,sentpkt=0,rcvdpkt=0,"appcat=""unscanned""","devtype=""Windows","PC""","devcategory=""None""","osname=""Windows""","osversion=""7""","mastersrcmac=""00:19:99:c5:ea:30""","srcmac=""00:19:99:c5:ea:30""",srcserver=0,,,,,,,,,,,,,,
date=2019-04-25,time=11:10:58,"logid=""0004000017""","type=""traffic""","subtype=""sniffer""","level=""notice""","vd=""root""",eventtime=1556158258,srcip=14.32.109.30,"srcname=""PC-SECURITY-SPC""",srcport=62671,"srcintf=""port14""","srcintfrole=""lan""",dstip=10.60.100.42,dstport=22,"dstintf=""port14""","dstintfrole=""lan""",sessionid=315800675,proto=17,"action=""accept""",policyid=4,"policytype=""sniffer""","service=""udp/15035""","dstcountry=""Reserved""","srccountry=""Reserved""","trandisp=""snat""",transip=0.0.0.0,transport=0,duration=180,sentbyte=224,rcvdbyte=0,sentpkt=0,rcvdpkt=0,"appcat=""unscanned""","devtype=""Windows","PC""","devcategory=""None""","osname=""Windows""","osversion=""7""","mastersrcmac=""00:19:99:c5:ea:30""","srcmac=""00:19:99:c5:ea:30""",srcserver=0,,,,,,,,,,,,,,,
date=2019-04-25,time=11:10:58,"logid=""0004000017""","type=""traffic""","subtype=""sniffer""","level=""notice""","vd=""root""",eventtime=1556158258,srcip=14.32.109.30,"srcname=""PC-SECURITY-SPC""",srcport=62668,"srcintf=""port14""","srcintfrole=""lan""",dstip=100.210.8.116,dstport=22,"dstintf=""port14""","dstintfrole=""lan""",sessionid=315800673,proto=17,"action=""accept""",policyid=4,"policytype=""sniffer""","service=""udp/15035""","dstcountry=""United","States""","srccountry=""Reserved""","trandisp=""snat""",transip=0.0.0.0,transport=0,duration=180,sentbyte=640,rcvdbyte=0,sentpkt=0,rcvdpkt=0,"appcat=""unscanned""","devtype=""Windows","PC""","devcategory=""None""","osname=""Windows""","osversion=""7""","mastersrcmac=""00:19:99:c5:ea:30""","srcmac=""00:19:99:c5:ea:30""",srcserver=0,,,,,,,,,,,,,,
date=2019-04-25,time=11:10:58,"logid=""0004000017""","type=""traffic""","subtype=""sniffer""","level=""notice""","vd=""root""",eventtime=1556158258,srcip=14.32.109.30,"srcname=""PC-SECURITY-SPC""",srcport=62663,"srcintf=""port14""","srcintfrole=""lan""",dstip=20.220.1.88,dstport=22,"dstintf=""port14""","dstintfrole=""lan""",sessionid=315800671,proto=17,"action=""accept""",policyid=4,"policytype=""sniffer""","service=""udp/15035""","dstcountry=""United","States""","srccountry=""Reserved""","trandisp=""snat""",transip=0.0.0.0,transport=0,duration=180,sentbyte=72,rcvdbyte=0,sentpkt=0,rcvdpkt=0,"appcat=""unscanned""","devtype=""Windows","PC""","devcategory=""None""","osname=""Windows""","osversion=""7""","mastersrcmac=""00:19:99:c5:ea:30""","srcmac=""00:19:99:c5:ea:30""",srcserver=0,,,,,,,,,,,,,,
date=2019-04-25,time=11:10:58,"logid=""0004000017""","type=""traffic""","subtype=""sniffer""","level=""notice""","vd=""root""",eventtime=1556158258,srcip=14.32.109.30,"srcname=""PC-SECURITY-SPC""",srcport=62658,"srcintf=""port14""","srcintfrole=""lan""",dstip=20.220.1.88,dstport=22,"dstintf=""port14""","dstintfrole=""lan""",sessionid=315800669,proto=17,"action=""accept""",policyid=4,"policytype=""sniffer""","service=""udp/15035""","dstcountry=""United","States""","srccountry=""Reserved""","trandisp=""snat""",transip=0.0.0.0,transport=0,duration=180,sentbyte=40,rcvdbyte=0,sentpkt=0,rcvdpkt=0,"appcat=""unscanned""","devtype=""Windows","PC""","devcategory=""None""","osname=""Windows""","osversion=""7""","mastersrcmac=""00:19:99:c5:ea:30""","srcmac=""00:19:99:c5:ea:30""",srcserver=0,,,,,,,,,,,,,,
date=2019-04-25,time=11:10:58,"logid=""0004000017""","type=""traffic""","subtype=""sniffer""","level=""notice""","vd=""root""",eventtime=1556158258,srcip=14.32.109.30,"srcname=""PC-SECURITY-SPC""",srcport=62650,"srcintf=""port14""","srcintfrole=""lan""",dstip=30.10.50.149,dstport=22,"dstintf=""port14""","dstintfrole=""lan""",sessionid=315800667,proto=17,"action=""accept""",policyid=4,"policytype=""sniffer""","service=""udp/15035""","dstcountry=""United","States""","srccountry=""Reserved""","trandisp=""snat""",transip=0.0.0.0,transport=0,duration=180,sentbyte=800,rcvdbyte=0,sentpkt=0,rcvdpkt=0,"appcat=""unscanned""","devtype=""Windows","PC""","devcategory=""None""","osname=""Windows""","osversion=""7""","mastersrcmac=""00:19:99:c5:ea:30""","srcmac=""00:19:99:c5:ea:30""",srcserver=0,,,,,,,,,,,,,,
date=2019-04-25,time=11:10:58,"logid=""0004000017""","type=""traffic""","subtype=""sniffer""","level=""notice""","vd=""root""",eventtime=1556158258,srcip=14.32.109.30,"srcname=""PC-SECURITY-SPC""",srcport=62646,"srcintf=""port14""","srcintfrole=""lan""",dstip=20.220.1.88,dstport=22,"dstintf=""port14""","dstintfrole=""lan""",sessionid=315800665,proto=17,"action=""accept""",policyid=4,"policytype=""sniffer""","service=""udp/15035""","dstcountry=""United","States""","srccountry=""Reserved""","trandisp=""snat""",transip=0.0.0.0,transport=0,duration=180,sentbyte=72,rcvdbyte=0,sentpkt=0,rcvdpkt=0,"appcat=""unscanned""","devtype=""Windows","PC""","devcategory=""None""","osname=""Windows""","osversion=""7""","mastersrcmac=""00:19:99:c5:ea:30""","srcmac=""00:19:99:c5:ea:30""",srcserver=0,,,,,,,,,,,,,,
date=2019-04-25,time=11:10:58,"logid=""0004000017""","type=""traffic""","subtype=""sniffer""","level=""notice""","vd=""root""",eventtime=1556158258,srcip=14.32.109.30,"srcname=""PC-SECURITY-SPC""",srcport=62640,"srcintf=""port14""","srcintfrole=""lan""",dstip=50.20.20.179,dstport=22,"dstintf=""port14""","dstintfrole=""lan""",sessionid=315800663,proto=17,"action=""accept""",policyid=4,"policytype=""sniffer""","service=""udp/15035""","dstcountry=""United","States""","srccountry=""Reserved""","trandisp=""snat""",transip=0.0.0.0,transport=0,duration=180,sentbyte=112,rcvdbyte=0,sentpkt=0,rcvdpkt=0,"appcat=""unscanned""","devtype=""Windows","PC""","devcategory=""None""","osname=""Windows""","osversion=""7""","mastersrcmac=""00:19:99:c5:ea:30""","srcmac=""00:19:99:c5:ea:30""",srcserver=0,,,,,,,,,,,,,,
date=2019-04-25,time=11:10:58,"logid=""0004000017""","type=""traffic""","subtype=""sniffer""","level=""notice""","vd=""root""",eventtime=1556158258,srcip=14.32.109.30,"srcname=""PC-SECURITY-SPC""",srcport=62634,"srcintf=""port14""","srcintfrole=""lan""",dstip=100.210.8.116,dstport=22,"dstintf=""port14""","dstintfrole=""lan""",sessionid=315800661,proto=17,"action=""accept""",policyid=4,"policytype=""sniffer""","service=""udp/15035""","dstcountry=""United","States""","srccountry=""Reserved""","trandisp=""snat""",transip=0.0.0.0,transport=0,duration=180,sentbyte=72,rcvdbyte=0,sentpkt=0,rcvdpkt=0,"appcat=""unscanned""","devtype=""Windows","PC""","devcategory=""None""","osname=""Windows""","osversion=""7""","mastersrcmac=""00:19:99:c5:ea:30""","srcmac=""00:19:99:c5:ea:30""",srcserver=0,,,,,,,,,,,,,,
date=2019-04-25,time=11:10:58,"logid=""0004000017""","type=""traffic""","subtype=""sniffer""","level=""notice""","vd=""root""",eventtime=1556158258,srcip=14.32.109.30,"srcname=""PC-SECURITY-SPC""",srcport=62624,"srcintf=""port14""","srcintfrole=""lan""",dstip=30.10.50.149,dstport=22,"dstintf=""port14""","dstintfrole=""lan""",sessionid=315800659,proto=17,"action=""accept""",policyid=4,"policytype=""sniffer""","service=""udp/15035""","dstcountry=""United","States""","srccountry=""Reserved""","trandisp=""snat""",transip=0.0.0.0,transport=0,duration=180,sentbyte=224,rcvdbyte=0,sentpkt=0,rcvdpkt=0,"appcat=""unscanned""","devtype=""Windows","PC""","devcategory=""None""","osname=""Windows""","osversion=""7""","mastersrcmac=""00:19:99:c5:ea:30""","srcmac=""00:19:99:c5:ea:30""",srcserver=0,,,,,,,,,,,,,,
date=2019-04-25,time=11:10:58,"logid=""0004000017""","type=""traffic""","subtype=""sniffer""","level=""notice""","vd=""root""",eventtime=1556158258,srcip=14.32.109.30,"srcname=""PC-SECURITY-SPC""",srcport=62618,"srcintf=""port14""","srcintfrole=""lan""",dstip=30.10.50.149,dstport=22,"dstintf=""port14""","dstintfrole=""lan""",sessionid=315800657,proto=17,"action=""accept""",policyid=4,"policytype=""sniffer""","service=""udp/15035""","dstcountry=""United","States""","srccountry=""Reserved""","trandisp=""snat""",transip=0.0.0.0,transport=0,duration=180,sentbyte=840,rcvdbyte=0,sentpkt=0,rcvdpkt=0,"appcat=""unscanned""","devtype=""Windows","PC""","devcategory=""None""","osname=""Windows""","osversion=""7""","mastersrcmac=""00:19:99:c5:ea:30""","srcmac=""00:19:99:c5:ea:30""",srcserver=0,,,,,,,,,,,,,,
date=2019-04-25,time=11:10:58,"logid=""0004000017""","type=""traffic""","subtype=""sniffer""","level=""notice""","vd=""root""",eventtime=1556158258,srcip=14.32.109.30,"srcname=""PC-SECURITY-SPC""",srcport=62610,"srcintf=""port14""","srcintfrole=""lan""",dstip=10.210.32.74,dstport=22,"dstintf=""port14""","dstintfrole=""lan""",sessionid=315800653,proto=17,"action=""accept""",policyid=4,"policytype=""sniffer""","service=""udp/15035""","dstcountry=""Reserved""","srccountry=""Reserved""","trandisp=""snat""",transip=0.0.0.0,transport=0,duration=180,sentbyte=792,rcvdbyte=0,sentpkt=0,rcvdpkt=0,"appcat=""unscanned""","devtype=""Windows","PC""","devcategory=""None""","osname=""Windows""","osversion=""7""","mastersrcmac=""00:19:99:c5:ea:30""","srcmac=""00:19:99:c5:ea:30""",srcserver=0,,,,,,,,,,,,,,,
date=2019-04-25,time=11:10:58,"logid=""0004000017""","type=""traffic""","subtype=""sniffer""","level=""notice""","vd=""root""",eventtime=1556158258,srcip=14.32.109.30,"srcname=""PC-SECURITY-SPC""",srcport=62604,"srcintf=""port14""","srcintfrole=""lan""",dstip=30.10.50.149,dstport=22,"dstintf=""port14""","dstintfrole=""lan""",sessionid=315800651,proto=17,"action=""accept""",policyid=4,"policytype=""sniffer""","service=""udp/15035""","dstcountry=""United","States""","srccountry=""Reserved""","trandisp=""snat""",transip=0.0.0.0,transport=0,duration=180,sentbyte=824,rcvdbyte=0,sentpkt=0,rcvdpkt=0,"appcat=""unscanned""","devtype=""Windows","PC""","devcategory=""None""","osname=""Windows""","osversion=""7""","mastersrcmac=""00:19:99:c5:ea:30""","srcmac=""00:19:99:c5:ea:30""",srcserver=0,,,,,,,,,,,,,,
date=2019-04-25,time=11:10:58,"logid=""0004000017""","type=""traffic""","subtype=""sniffer""","level=""notice""","vd=""root""",eventtime=1556158258,srcip=14.32.109.30,"srcname=""PC-SECURITY-SPC""",srcport=62588,"srcintf=""port14""","srcintfrole=""lan""",dstip=100.210.8.116,dstport=22,"dstintf=""port14""","dstintfrole=""lan""",sessionid=315800647,proto=17,"action=""accept""",policyid=4,"policytype=""sniffer""","service=""udp/15035""","dstcountry=""United","States""","srccountry=""Reserved""","trandisp=""snat""",transip=0.0.0.0,transport=0,duration=180,sentbyte=960,rcvdbyte=0,sentpkt=0,rcvdpkt=0,"appcat=""unscanned""","devtype=""Windows","PC""","devcategory=""None""","osname=""Windows""","osversion=""7""","mastersrcmac=""00:19:99:c5:ea:30""","srcmac=""00:19:99:c5:ea:30""",srcserver=0,,,,,,,,,,,,,,
date=2019-04-25,time=11:10:58,"logid=""0004000017""","type=""traffic""","subtype=""sniffer""","level=""notice""","vd=""root""",eventtime=1556158258,srcip=14.32.109.30,"srcname=""PC-SECURITY-SPC""",srcport=62586,"srcintf=""port14""","srcintfrole=""lan""",dstip=30.10.50.149,dstport=22,"dstintf=""port14""","dstintfrole=""lan""",sessionid=315800645,proto=17,"action=""accept""",policyid=4,"policytype=""sniffer""","service=""udp/15035""","dstcountry=""United","States""","srccountry=""Reserved""","trandisp=""snat""",transip=0.0.0.0,transport=0,duration=180,sentbyte=640,rcvdbyte=0,sentpkt=0,rcvdpkt=0,"appcat=""unscanned""","devtype=""Windows","PC""","devcategory=""None""","osname=""Windows""","osversion=""7""","mastersrcmac=""00:19:99:c5:ea:30""","srcmac=""00:19:99:c5:ea:30""",srcserver=0,,,,,,,,,,,,,,
date=2019-04-25,time=11:10:58,"logid=""0004000017""","type=""traffic""","subtype=""sniffer""","level=""notice""","vd=""root""",eventtime=1556158258,srcip=14.32.109.30,"srcname=""PC-SECURITY-SPC""",srcport=62577,"srcintf=""port14""","srcintfrole=""lan""",dstip=10.210.32.74,dstport=22,"dstintf=""port14""","dstintfrole=""lan""",sessionid=315800641,proto=17,"action=""accept""",policyid=4,"policytype=""sniffer""","service=""udp/15035""","dstcountry=""Reserved""","srccountry=""Reserved""","trandisp=""snat""",transip=0.0.0.0,transport=0,duration=180,sentbyte=232,rcvdbyte=0,sentpkt=0,rcvdpkt=0,"appcat=""unscanned""","devtype=""Windows","PC""","devcategory=""None""","osname=""Windows""","osversion=""7""","mastersrcmac=""00:19:99:c5:ea:30""","srcmac=""00:19:99:c5:ea:30""",srcserver=0,,,,,,,,,,,,,,,
date=2019-04-25,time=11:10:58,"logid=""0004000017""","type=""traffic""","subtype=""sniffer""","level=""notice""","vd=""root""",eventtime=1556158258,srcip=14.32.109.30,"srcname=""PC-SECURITY-SPC""",srcport=62570,"srcintf=""port14""","srcintfrole=""lan""",dstip=30.10.50.149,dstport=22,"dstintf=""port14""","dstintfrole=""lan""",sessionid=315800637,proto=17,"action=""accept""",policyid=4,"policytype=""sniffer""","service=""udp/15035""","dstcountry=""United","States""","srccountry=""Reserved""","trandisp=""snat""",transip=0.0.0.0,transport=0,duration=180,sentbyte=40,rcvdbyte=0,sentpkt=0,rcvdpkt=0,"appcat=""unscanned""","devtype=""Windows","PC""","devcategory=""None""","osname=""Windows""","osversion=""7""","mastersrcmac=""00:19:99:c5:ea:30""","srcmac=""00:19:99:c5:ea:30""",srcserver=0,,,,,,,,,,,,,,
date=2019-04-25,time=11:10:58,"logid=""0004000017""","type=""traffic""","subtype=""sniffer""","level=""notice""","vd=""root""",eventtime=1556158258,srcip=14.32.109.30,"srcname=""PC-SECURITY-SPC""",srcport=62563,"srcintf=""port14""","srcintfrole=""lan""",dstip=20.220.1.88,dstport=22,"dstintf=""port14""","dstintfrole=""lan""",sessionid=315800635,proto=17,"action=""accept""",policyid=4,"policytype=""sniffer""","service=""udp/15035""","dstcountry=""United","States""","srccountry=""Reserved""","trandisp=""snat""",transip=0.0.0.0,transport=0,duration=180,sentbyte=176,rcvdbyte=0,sentpkt=0,rcvdpkt=0,"appcat=""unscanned""","devtype=""Windows","PC""","devcategory=""None""","osname=""Windows""","osversion=""7""","mastersrcmac=""00:19:99:c5:ea:30""","srcmac=""00:19:99:c5:ea:30""",srcserver=0,,,,,,,,,,,,,,
date=2019-04-25,time=11:10:58,"logid=""0004000017""","type=""traffic""","subtype=""sniffer""","level=""notice""","vd=""root""",eventtime=1556158258,srcip=14.32.109.30,"srcname=""PC-SECURITY-SPC""",srcport=62558,"srcintf=""port14""","srcintfrole=""lan""",dstip=10.210.32.74,dstport=22,"dstintf=""port14""","dstintfrole=""lan""",sessionid=315800633,proto=17,"action=""accept""",policyid=4,"policytype=""sniffer""","service=""udp/15035""","dstcountry=""Reserved""","srccountry=""Reserved""","trandisp=""snat""",transip=0.0.0.0,transport=0,duration=180,sentbyte=800,rcvdbyte=0,sentpkt=0,rcvdpkt=0,"appcat=""unscanned""","devtype=""Windows","PC""","devcategory=""None""","osname=""Windows""","osversion=""7""","mastersrcmac=""00:19:99:c5:ea:30""","srcmac=""00:19:99:c5:ea:30""",srcserver=0,,,,,,,,,,,,,,,
date=2019-04-25,time=11:10:58,"logid=""0004000017""","type=""traffic""","subtype=""sniffer""","level=""notice""","vd=""root""",eventtime=1556158258,srcip=14.32.109.30,"srcname=""PC-SECURITY-SPC""",srcport=62555,"srcintf=""port14""","srcintfrole=""lan""",dstip=30.10.50.149,dstport=22,"dstintf=""port14""","dstintfrole=""lan""",sessionid=315800631,proto=17,"action=""accept""",policyid=4,"policytype=""sniffer""","service=""udp/15035""","dstcountry=""United","States""","srccountry=""Reserved""","trandisp=""snat""",transip=0.0.0.0,transport=0,duration=180,sentbyte=72,rcvdbyte=0,sentpkt=0,rcvdpkt=0,"appcat=""unscanned""","devtype=""Windows","PC""","devcategory=""None""","osname=""Windows""","osversion=""7""","mastersrcmac=""00:19:99:c5:ea:30""","srcmac=""00:19:99:c5:ea:30""",srcserver=0,,,,,,,,,,,,,,
date=2019-04-25,time=11:10:58,"logid=""0004000017""","type=""traffic""","subtype=""sniffer""","level=""notice""","vd=""root""",eventtime=1556158258,srcip=14.32.109.30,"srcname=""PC-SECURITY-SPC""",srcport=62551,"srcintf=""port14""","srcintfrole=""lan""",dstip=100.210.41.161,dstport=22,"dstintf=""port14""","dstintfrole=""lan""",sessionid=315800629,proto=17,"action=""accept""",policyid=4,"policytype=""sniffer""","service=""udp/15035""","dstcountry=""United","States""","srccountry=""Reserved""","trandisp=""snat""",transip=0.0.0.0,transport=0,duration=180,sentbyte=112,rcvdbyte=0,sentpkt=0,rcvdpkt=0,"appcat=""unscanned""","devtype=""Windows","PC""","devcategory=""None""","osname=""Windows""","osversion=""7""","mastersrcmac=""00:19:99:c5:ea:30""","srcmac=""00:19:99:c5:ea:30""",srcserver=0,,,,,,,,,,,,,,
date=2019-04-25,time=11:10:58,"logid=""0004000017""","type=""traffic""","subtype=""sniffer""","level=""notice""","vd=""root""",eventtime=1556158258,srcip=14.32.109.30,"srcname=""PC-SECURITY-SPC""",srcport=62545,"srcintf=""port14""","srcintfrole=""lan""",dstip=30.10.50.149,dstport=22,"dstintf=""port14""","dstintfrole=""lan""",sessionid=315800627,proto=17,"action=""accept""",policyid=4,"policytype=""sniffer""","service=""udp/15035""","dstcountry=""United","States""","srccountry=""Reserved""","trandisp=""snat""",transip=0.0.0.0,transport=0,duration=180,sentbyte=72,rcvdbyte=0,sentpkt=0,rcvdpkt=0,"appcat=""unscanned""","devtype=""Windows","PC""","devcategory=""None""","osname=""Windows""","osversion=""7""","mastersrcmac=""00:19:99:c5:ea:30""","srcmac=""00:19:99:c5:ea:30""",srcserver=0,,,,,,,,,,,,,,
date=2019-04-25,time=11:10:58,"logid=""0004000017""","type=""traffic""","subtype=""sniffer""","level=""notice""","vd=""root""",eventtime=1556158258,srcip=14.32.109.30,"srcname=""PC-SECURITY-SPC""",srcport=62537,"srcintf=""port14""","srcintfrole=""lan""",dstip=192.168.1.1,dstport=22,"dstintf=""port14""","dstintfrole=""lan""",sessionid=315800625,proto=17,"action=""accept""",policyid=4,"policytype=""sniffer""","service=""udp/15035""","dstcountry=""Reserved""","srccountry=""Reserved""","trandisp=""snat""",transip=0.0.0.0,transport=0,duration=180,sentbyte=112,rcvdbyte=0,sentpkt=0,rcvdpkt=0,"appcat=""unscanned""","devtype=""Windows","PC""","devcategory=""None""","osname=""Windows""","osversion=""7""","mastersrcmac=""00:19:99:c5:ea:30""","srcmac=""00:19:99:c5:ea:30""",srcserver=0,,,,,,,,,,,,,,,
date=2019-04-25,time=11:10:58,"logid=""0004000017""","type=""traffic""","subtype=""sniffer""","level=""notice""","vd=""root""",eventtime=1556158258,srcip=14.32.109.30,"srcname=""PC-SECURITY-SPC""",srcport=62533,"srcintf=""port14""","srcintfrole=""lan""",dstip=10.210.32.74,dstport=22,"dstintf=""port14""","dstintfrole=""lan""",sessionid=315800623,proto=17,"action=""accept""",policyid=4,"policytype=""sniffer""","service=""udp/15035""","dstcountry=""Reserved""","srccountry=""Reserved""","trandisp=""snat""",transip=0.0.0.0,transport=0,duration=180,sentbyte=640,rcvdbyte=0,sentpkt=0,rcvdpkt=0,"appcat=""unscanned""","devtype=""Windows","PC""","devcategory=""None""","osname=""Windows""","osversion=""7""","mastersrcmac=""00:19:99:c5:ea:30""","srcmac=""00:19:99:c5:ea:30""",srcserver=0,,,,,,,,,,,,,,,
date=2019-04-25,time=11:10:58,"logid=""0004000017""","type=""traffic""","subtype=""sniffer""","level=""notice""","vd=""root""",eventtime=1556158258,srcip=14.32.109.30,"srcname=""PC-SECURITY-SPC""",srcport=62529,"srcintf=""port14""","srcintfrole=""lan""",dstip=10.210.32.74,dstport=22,"dstintf=""port14""","dstintfrole=""lan""",sessionid=315800621,proto=17,"action=""accept""",policyid=4,"policytype=""sniffer""","service=""udp/15035""","dstcountry=""Reserved""","srccountry=""Reserved""","trandisp=""snat""",transip=0.0.0.0,transport=0,duration=180,sentbyte=816,rcvdbyte=0,sentpkt=0,rcvdpkt=0,"appcat=""unscanned""","devtype=""Windows","PC""","devcategory=""None""","osname=""Windows""","osversion=""7""","mastersrcmac=""00:19:99:c5:ea:30""","srcmac=""00:19:99:c5:ea:30""",srcserver=0,,,,,,,,,,,,,,,
date=2019-04-25,time=11:10:58,"logid=""0004000017""","type=""traffic""","subtype=""sniffer""","level=""notice""","vd=""root""",eventtime=1556158258,srcip=14.32.109.30,"srcname=""PC-SECURITY-SPC""",srcport=62521,"srcintf=""port14""","srcintfrole=""lan""",dstip=10.210.32.74,dstport=22,"dstintf=""port14""","dstintfrole=""lan""",sessionid=315800617,proto=17,"action=""accept""",policyid=4,"policytype=""sniffer""","service=""udp/15035""","dstcountry=""Reserved""","srccountry=""Reserved""","trandisp=""snat""",transip=0.0.0.0,transport=0,duration=180,sentbyte=40,rcvdbyte=0,sentpkt=0,rcvdpkt=0,"appcat=""unscanned""","devtype=""Windows","PC""","devcategory=""None""","osname=""Windows""","osversion=""7""","mastersrcmac=""00:19:99:c5:ea:30""","srcmac=""00:19:99:c5:ea:30""",srcserver=0,,,,,,,,,,,,,,,
date=2019-04-25,time=11:10:58,"logid=""0004000017""","type=""traffic""","subtype=""sniffer""","level=""notice""","vd=""root""",eventtime=1556158258,srcip=14.32.109.30,"srcname=""PC-SECURITY-SPC""",srcport=62513,"srcintf=""port14""","srcintfrole=""lan""",dstip=10.210.32.74,dstport=22,"dstintf=""port14""","dstintfrole=""lan""",sessionid=315800615,proto=17,"action=""accept""",policyid=4,"policytype=""sniffer""","service=""udp/15035""","dstcountry=""Reserved""","srccountry=""Reserved""","trandisp=""snat""",transip=0.0.0.0,transport=0,duration=180,sentbyte=72,rcvdbyte=0,sentpkt=0,rcvdpkt=0,"appcat=""unscanned""","devtype=""Windows","PC""","devcategory=""None""","osname=""Windows""","osversion=""7""","mastersrcmac=""00:19:99:c5:ea:30""","srcmac=""00:19:99:c5:ea:30""",srcserver=0,,,,,,,,,,,,,,,
date=2019-04-25,time=11:10:58,"logid=""0004000017""","type=""traffic""","subtype=""sniffer""","level=""notice""","vd=""root""",eventtime=1556158258,srcip=10.30.50.41,"srcname=""admin-PC""",srcport=52103,"srcintf=""port14""","srcintfrole=""lan""",dstip=224.0.0.252,dstport=5355,"dstintf=""port14""","dstintfrole=""lan""",sessionid=315800591,proto=17,"action=""accept""",policyid=4,"policytype=""sniffer""","service=""udp/5355""","dstcountry=""Reserved""","srccountry=""Reserved""","trandisp=""snat""",transip=0.0.0.0,transport=0,duration=180,sentbyte=88,rcvdbyte=0,sentpkt=0,rcvdpkt=0,appid=31755,"app=""LLMNR""","appcat=""Network.Service""","apprisk=""elevated""","applist=""sniffer-profile""","utmaction=""allow""",countapp=1,sentdelta=88,rcvddelta=0,"devtype=""Windows","PC""","devcategory=""None""","osname=""Windows""","osversion=""7","(x64)""","mastersrcmac=""98:83:89:81:23:96""","srcmac=""98:83:89:81:23:96""",srcserver=0,utmref=62515-1081736,,,,,
date=2019-04-25,time=11:10:58,"logid=""0004000017""","type=""traffic""","subtype=""sniffer""","level=""notice""","vd=""root""",eventtime=1556158258,srcip=14.32.109.30,"srcname=""PC-SECURITY-SPC""",srcport=62504,"srcintf=""port14""","srcintfrole=""lan""",dstip=10.210.32.74,dstport=22,"dstintf=""port14""","dstintfrole=""lan""",sessionid=315800613,proto=17,"action=""accept""",policyid=4,"policytype=""sniffer""","service=""udp/15035""","dstcountry=""Reserved""","srccountry=""Reserved""","trandisp=""snat""",transip=0.0.0.0,transport=0,duration=180,sentbyte=72,rcvdbyte=0,sentpkt=0,rcvdpkt=0,"appcat=""unscanned""","devtype=""Windows","PC""","devcategory=""None""","osname=""Windows""","osversion=""7""","mastersrcmac=""00:19:99:c5:ea:30""","srcmac=""00:19:99:c5:ea:30""",srcserver=0,,,,,,,,,,,,,,,
date=2019-04-25,time=11:10:58,"logid=""0004000017""","type=""traffic""","subtype=""sniffer""","level=""notice""","vd=""root""",eventtime=1556158258,srcip=14.32.109.30,"srcname=""PC-SECURITY-SPC""",srcport=62500,"srcintf=""port14""","srcintfrole=""lan""",dstip=10.120.32.110,dstport=22,"dstintf=""port14""","dstintfrole=""lan""",sessionid=315800611,proto=17,"action=""accept""",policyid=4,"policytype=""sniffer""","service=""udp/15035""","dstcountry=""Reserved""","srccountry=""Reserved""","trandisp=""snat""",transip=0.0.0.0,transport=0,duration=180,sentbyte=40,rcvdbyte=0,sentpkt=0,rcvdpkt=0,"appcat=""unscanned""","devtype=""Windows","PC""","devcategory=""None""","osname=""Windows""","osversion=""7""","mastersrcmac=""00:19:99:c5:ea:30""","srcmac=""00:19:99:c5:ea:30""",srcserver=0,,,,,,,,,,,,,,,
date=2019-04-25,time=11:10:58,"logid=""0004000017""","type=""traffic""","subtype=""sniffer""","level=""notice""","vd=""root""",eventtime=1556158258,srcip=14.32.109.30,"srcname=""PC-SECURITY-SPC""",srcport=62499,"srcintf=""port14""","srcintfrole=""lan""",dstip=100.210.9.154,dstport=22,"dstintf=""port14""","dstintfrole=""lan""",sessionid=315800609,proto=17,"action=""accept""",policyid=4,"policytype=""sniffer""","service=""udp/15035""","dstcountry=""United","States""","srccountry=""Reserved""","trandisp=""snat""",transip=0.0.0.0,transport=0,duration=180,sentbyte=840,rcvdbyte=0,sentpkt=0,rcvdpkt=0,"appcat=""unscanned""","devtype=""Windows","PC""","devcategory=""None""","osname=""Windows""","osversion=""7""","mastersrcmac=""00:19:99:c5:ea:30""","srcmac=""00:19:99:c5:ea:30""",srcserver=0,,,,,,,,,,,,,,
date=2019-04-25,time=11:10:58,"logid=""0004000017""","type=""traffic""","subtype=""sniffer""","level=""notice""","vd=""root""",eventtime=1556158258,srcip=14.32.109.30,"srcname=""PC-SECURITY-SPC""",srcport=62495,"srcintf=""port14""","srcintfrole=""lan""",dstip=30.10.50.149,dstport=22,"dstintf=""port14""","dstintfrole=""lan""",sessionid=315800607,proto=17,"action=""accept""",policyid=4,"policytype=""sniffer""","service=""udp/15035""","dstcountry=""United","States""","srccountry=""Reserved""","trandisp=""snat""",transip=0.0.0.0,transport=0,duration=180,sentbyte=168,rcvdbyte=0,sentpkt=0,rcvdpkt=0,"appcat=""unscanned""","devtype=""Windows","PC""","devcategory=""None""","osname=""Windows""","osversion=""7""","mastersrcmac=""00:19:99:c5:ea:30""","srcmac=""00:19:99:c5:ea:30""",srcserver=0,,,,,,,,,,,,,,
date=2019-04-25,time=11:10:58,"logid=""0004000017""","type=""traffic""","subtype=""sniffer""","level=""notice""","vd=""root""",eventtime=1556158258,srcip=14.32.109.30,"srcname=""PC-SECURITY-SPC""",srcport=62493,"srcintf=""port14""","srcintfrole=""lan""",dstip=30.10.50.149,dstport=22,"dstintf=""port14""","dstintfrole=""lan""",sessionid=315800605,proto=17,"action=""accept""",policyid=4,"policytype=""sniffer""","service=""udp/15035""","dstcountry=""United","States""","srccountry=""Reserved""","trandisp=""snat""",transip=0.0.0.0,transport=0,duration=180,sentbyte=960,rcvdbyte=0,sentpkt=0,rcvdpkt=0,"appcat=""unscanned""","devtype=""Windows","PC""","devcategory=""None""","osname=""Windows""","osversion=""7""","mastersrcmac=""00:19:99:c5:ea:30""","srcmac=""00:19:99:c5:ea:30""",srcserver=0,,,,,,,,,,,,,,
date=2019-04-25,time=11:10:58,"logid=""0004000017""","type=""traffic""","subtype=""sniffer""","level=""notice""","vd=""root""",eventtime=1556158258,srcip=14.32.109.30,"srcname=""PC-SECURITY-SPC""",srcport=62479,"srcintf=""port14""","srcintfrole=""lan""",dstip=30.10.50.149,dstport=22,"dstintf=""port14""","dstintfrole=""lan""",sessionid=315800601,proto=17,"action=""accept""",policyid=4,"policytype=""sniffer""","service=""udp/15035""","dstcountry=""United","States""","srccountry=""Reserved""","trandisp=""snat""",transip=0.0.0.0,transport=0,duration=180,sentbyte=984,rcvdbyte=0,sentpkt=0,rcvdpkt=0,"appcat=""unscanned""","devtype=""Windows","PC""","devcategory=""None""","osname=""Windows""","osversion=""7""","mastersrcmac=""00:19:99:c5:ea:30""","srcmac=""00:19:99:c5:ea:30""",srcserver=0,,,,,,,,,,,,,,
date=2019-04-25,time=11:10:58,"logid=""0004000017""","type=""traffic""","subtype=""sniffer""","level=""notice""","vd=""root""",eventtime=1556158258,srcip=14.32.109.30,"srcname=""PC-SECURITY-SPC""",srcport=62471,"srcintf=""port14""","srcintfrole=""lan""",dstip=10.210.32.74,dstport=22,"dstintf=""port14""","dstintfrole=""lan""",sessionid=315800597,proto=17,"action=""accept""",policyid=4,"policytype=""sniffer""","service=""udp/15035""","dstcountry=""Reserved""","srccountry=""Reserved""","trandisp=""snat""",transip=0.0.0.0,transport=0,duration=180,sentbyte=960,rcvdbyte=0,sentpkt=0,rcvdpkt=0,"appcat=""unscanned""","devtype=""Windows","PC""","devcategory=""None""","osname=""Windows""","osversion=""7""","mastersrcmac=""00:19:99:c5:ea:30""","srcmac=""00:19:99:c5:ea:30""",srcserver=0,,,,,,,,,,,,,,,
date=2019-04-25,time=11:10:58,"logid=""0004000017""","type=""traffic""","subtype=""sniffer""","level=""notice""","vd=""root""",eventtime=1556158258,srcip=14.32.109.30,"srcname=""PC-SECURITY-SPC""",srcport=62461,"srcintf=""port14""","srcintfrole=""lan""",dstip=10.210.32.74,dstport=22,"dstintf=""port14""","dstintfrole=""lan""",sessionid=315800593,proto=17,"action=""accept""",policyid=4,"policytype=""sniffer""","service=""udp/15035""","dstcountry=""Reserved""","srccountry=""Reserved""","trandisp=""snat""",transip=0.0.0.0,transport=0,duration=180,sentbyte=984,rcvdbyte=0,sentpkt=0,rcvdpkt=0,"appcat=""unscanned""","devtype=""Windows","PC""","devcategory=""None""","osname=""Windows""","osversion=""7""","mastersrcmac=""00:19:99:c5:ea:30""","srcmac=""00:19:99:c5:ea:30""",srcserver=0,,,,,,,,,,,,,,,
date=2019-04-25,time=11:10:58,"logid=""0004000017""","type=""traffic""","subtype=""sniffer""","level=""notice""","vd=""root""",eventtime=1556158258,srcip=14.32.109.30,"srcname=""PC-SECURITY-SPC""",srcport=62440,"srcintf=""port14""","srcintfrole=""lan""",dstip=30.10.50.101,dstport=22,"dstintf=""port14""","dstintfrole=""lan""",sessionid=315800587,proto=17,"action=""accept""",policyid=4,"policytype=""sniffer""","service=""udp/15035""","dstcountry=""United","States""","srccountry=""Reserved""","trandisp=""snat""",transip=0.0.0.0,transport=0,duration=180,sentbyte=168,rcvdbyte=0,sentpkt=0,rcvdpkt=0,"appcat=""unscanned""","devtype=""Windows","PC""","devcategory=""None""","osname=""Windows""","osversion=""7""","mastersrcmac=""00:19:99:c5:ea:30""","srcmac=""00:19:99:c5:ea:30""",srcserver=0,,,,,,,,,,,,,,
date=2019-04-25,time=11:10:58,"logid=""0004000017""","type=""traffic""","subtype=""sniffer""","level=""notice""","vd=""root""",eventtime=1556158258,srcip=14.32.109.30,"srcname=""PC-SECURITY-SPC""",srcport=62428,"srcintf=""port14""","srcintfrole=""lan""",dstip=20.220.3.110,dstport=22,"dstintf=""port14""","dstintfrole=""lan""",sessionid=315800581,proto=17,"action=""accept""",policyid=4,"policytype=""sniffer""","service=""udp/15035""","dstcountry=""United","States""","srccountry=""Reserved""","trandisp=""snat""",transip=0.0.0.0,transport=0,duration=180,sentbyte=112,rcvdbyte=0,sentpkt=0,rcvdpkt=0,"appcat=""unscanned""","devtype=""Windows","PC""","devcategory=""None""","osname=""Windows""","osversion=""7""","mastersrcmac=""00:19:99:c5:ea:30""","srcmac=""00:19:99:c5:ea:30""",srcserver=0,,,,,,,,,,,,,,
date=2019-04-25,time=11:10:58,"logid=""0004000017""","type=""traffic""","subtype=""sniffer""","level=""notice""","vd=""root""",eventtime=1556158258,srcip=14.32.109.30,"srcname=""PC-SECURITY-SPC""",srcport=62410,"srcintf=""port14""","srcintfrole=""lan""",dstip=10.210.32.41,dstport=22,"dstintf=""port14""","dstintfrole=""lan""",sessionid=315800577,proto=17,"action=""accept""",policyid=4,"policytype=""sniffer""","service=""udp/15035""","dstcountry=""Reserved""","srccountry=""Reserved""","trandisp=""snat""",transip=0.0.0.0,transport=0,duration=180,sentbyte=40,rcvdbyte=0,sentpkt=0,rcvdpkt=0,"appcat=""unscanned""","devtype=""Windows","PC""","devcategory=""None""","osname=""Windows""","osversion=""7""","mastersrcmac=""00:19:99:c5:ea:30""","srcmac=""00:19:99:c5:ea:30""",srcserver=0,,,,,,,,,,,,,,,
date=2019-04-25,time=11:10:58,"logid=""0004000017""","type=""traffic""","subtype=""sniffer""","level=""notice""","vd=""root""",eventtime=1556158258,srcip=14.32.109.30,"srcname=""PC-SECURITY-SPC""",srcport=62382,"srcintf=""port14""","srcintfrole=""lan""",dstip=168.192.2.138,dstport=22,"dstintf=""port14""","dstintfrole=""lan""",sessionid=315800573,proto=17,"action=""accept""",policyid=4,"policytype=""sniffer""","service=""udp/15035""","dstcountry=""United","States""","srccountry=""Reserved""","trandisp=""snat""",transip=0.0.0.0,transport=0,duration=180,sentbyte=168,rcvdbyte=0,sentpkt=0,rcvdpkt=0,"appcat=""unscanned""","devtype=""Windows","PC""","devcategory=""None""","osname=""Windows""","osversion=""7""","mastersrcmac=""00:19:99:c5:ea:30""","srcmac=""00:19:99:c5:ea:30""",srcserver=0,,,,,,,,,,,,,,
date=2019-04-25,time=11:10:58,"logid=""0004000017""","type=""traffic""","subtype=""sniffer""","level=""notice""","vd=""root""",eventtime=1556158258,srcip=14.32.109.30,"srcname=""PC-SECURITY-SPC""",srcport=62371,"srcintf=""port14""","srcintfrole=""lan""",dstip=20.20.20.152,dstport=22,"dstintf=""port14""","dstintfrole=""lan""",sessionid=315800569,proto=17,"action=""accept""",policyid=4,"policytype=""sniffer""","service=""udp/15035""","dstcountry=""United","States""","srccountry=""Reserved""","trandisp=""snat""",transip=0.0.0.0,transport=0,duration=180,sentbyte=168,rcvdbyte=0,sentpkt=0,rcvdpkt=0,"appcat=""unscanned""","devtype=""Windows","PC""","devcategory=""None""","osname=""Windows""","osversion=""7""","mastersrcmac=""00:19:99:c5:ea:30""","srcmac=""00:19:99:c5:ea:30""",srcserver=0,,,,,,,,,,,,,,
date=2019-04-25,time=11:10:58,"logid=""0004000021""","type=""traffic""","subtype=""sniffer""","level=""notice""","vd=""root""",eventtime=1556158259,srcip=172.10.112.37,srcport=2492,"srcintf=""port14""","srcintfrole=""lan""",dstip=134.170.3.184,dstport=2492,"dstintf=""port14""","dstintfrole=""lan""",sessionid=30357342,proto=6,"action=""accept""",policyid=4,"policytype=""sniffer""","service=""tcp/2492""","dstcountry=""United","States""","srccountry=""United","States""","trandisp=""snat""",transip=0.0.0.0,transport=0,duration=2165,sentbyte=1074,rcvdbyte=356,sentpkt=0,rcvdpkt=0,appid=16177,"app=""Microsoft.Office.Online""","appcat=""Collaboration""","apprisk=""medium""","applist=""sniffer-profile""",sentdelta=7,rcvddelta=0,"devtype=""Router/NAT","Device""","devcategory=""None""","mastersrcmac=""00:08:88:10:14:7c""","srcmac=""00:08:88:10:14:7c""",srcserver=0,,,,,,,,,,
date=2019-04-25,time=11:10:58,"logid=""0004000017""","type=""traffic""","subtype=""sniffer""","level=""notice""","vd=""root""",eventtime=1556158259,srcip=14.32.109.30,"srcname=""PC-SECURITY-SPC""",srcport=62736,"srcintf=""port14""","srcintfrole=""lan""",dstip=30.10.50.149,dstport=22,"dstintf=""port14""","dstintfrole=""lan""",sessionid=315800702,proto=17,"action=""accept""",policyid=4,"policytype=""sniffer""","service=""udp/15035""","dstcountry=""United","States""","srccountry=""Reserved""","trandisp=""snat""",transip=0.0.0.0,transport=0,duration=180,sentbyte=120,rcvdbyte=0,sentpkt=0,rcvdpkt=0,"appcat=""unscanned""","devtype=""Windows","PC""","devcategory=""None""","osname=""Windows""","osversion=""7""","mastersrcmac=""00:19:99:c5:ea:30""","srcmac=""00:19:99:c5:ea:30""",srcserver=0,,,,,,,,,,,,,,
date=2019-04-25,time=11:10:58,"logid=""0004000017""","type=""traffic""","subtype=""sniffer""","level=""notice""","vd=""root""",eventtime=1556158259,srcip=14.32.109.30,"srcname=""PC-SECURITY-SPC""",srcport=62731,"srcintf=""port14""","srcintfrole=""lan""",dstip=100.210.8.116,dstport=22,"dstintf=""port14""","dstintfrole=""lan""",sessionid=315800700,proto=17,"action=""accept""",policyid=4,"policytype=""sniffer""","service=""udp/15035""","dstcountry=""United","States""","srccountry=""Reserved""","trandisp=""snat""",transip=0.0.0.0,transport=0,duration=180,sentbyte=248,rcvdbyte=0,sentpkt=0,rcvdpkt=0,"appcat=""unscanned""","devtype=""Windows","PC""","devcategory=""None""","osname=""Windows""","osversion=""7""","mastersrcmac=""00:19:99:c5:ea:30""","srcmac=""00:19:99:c5:ea:30""",srcserver=0,,,,,,,,,,,,,,
date=2019-04-25,time=11:10:58,"logid=""0004000017""","type=""traffic""","subtype=""sniffer""","level=""notice""","vd=""root""",eventtime=1556158259,srcip=14.32.109.30,"srcname=""PC-SECURITY-SPC""",srcport=62728,"srcintf=""port14""","srcintfrole=""lan""",dstip=10.120.32.110,dstport=22,"dstintf=""port14""","dstintfrole=""lan""",sessionid=315800698,proto=17,"action=""accept""",policyid=4,"policytype=""sniffer""","service=""udp/15035""","dstcountry=""Reserved""","srccountry=""Reserved""","trandisp=""snat""",transip=0.0.0.0,transport=0,duration=180,sentbyte=40,rcvdbyte=0,sentpkt=0,rcvdpkt=0,"appcat=""unscanned""","devtype=""Windows","PC""","devcategory=""None""","osname=""Windows""","osversion=""7""","mastersrcmac=""00:19:99:c5:ea:30""","srcmac=""00:19:99:c5:ea:30""",srcserver=0,,,,,,,,,,,,,,,
date=2019-04-25,time=11:10:58,"logid=""0004000017""","type=""traffic""","subtype=""sniffer""","level=""notice""","vd=""root""",eventtime=1556158259,srcip=14.32.109.30,"srcname=""PC-SECURITY-SPC""",srcport=62720,"srcintf=""port14""","srcintfrole=""lan""",dstip=100.210.8.116,dstport=22,"dstintf=""port14""","dstintfrole=""lan""",sessionid=315800696,proto=17,"action=""accept""",policyid=4,"policytype=""sniffer""","service=""udp/15035""","dstcountry=""United","States""","srccountry=""Reserved""","trandisp=""snat""",transip=0.0.0.0,transport=0,duration=180,sentbyte=800,rcvdbyte=0,sentpkt=0,rcvdpkt=0,"appcat=""unscanned""","devtype=""Windows","PC""","devcategory=""None""","osname=""Windows""","osversion=""7""","mastersrcmac=""00:19:99:c5:ea:30""","srcmac=""00:19:99:c5:ea:30""",srcserver=0,,,,,,,,,,,,,,
date=2019-04-25,time=11:10:58,"logid=""0004000017""","type=""traffic""","subtype=""sniffer""","level=""notice""","vd=""root""",eventtime=1556158259,srcip=14.32.109.30,"srcname=""PC-SECURITY-SPC""",srcport=62718,"srcintf=""port14""","srcintfrole=""lan""",dstip=30.10.50.149,dstport=22,"dstintf=""port14""","dstintfrole=""lan""",sessionid=315800694,proto=17,"action=""accept""",policyid=4,"policytype=""sniffer""","service=""udp/15035""","dstcountry=""United","States""","srccountry=""Reserved""","trandisp=""snat""",transip=0.0.0.0,transport=0,duration=180,sentbyte=792,rcvdbyte=0,sentpkt=0,rcvdpkt=0,"appcat=""unscanned""","devtype=""Windows","PC""","devcategory=""None""","osname=""Windows""","osversion=""7""","mastersrcmac=""00:19:99:c5:ea:30""","srcmac=""00:19:99:c5:ea:30""",srcserver=0,,,,,,,,,,,,,,
date=2019-04-25,time=11:10:58,"logid=""0004000017""","type=""traffic""","subtype=""sniffer""","level=""notice""","vd=""root""",eventtime=1556158259,srcip=14.32.109.30,"srcname=""PC-SECURITY-SPC""",srcport=62710,"srcintf=""port14""","srcintfrole=""lan""",dstip=20.220.1.88,dstport=22,"dstintf=""port14""","dstintfrole=""lan""",sessionid=315800690,proto=17,"action=""accept""",policyid=4,"policytype=""sniffer""","service=""udp/15035""","dstcountry=""United","States""","srccountry=""Reserved""","trandisp=""snat""",transip=0.0.0.0,transport=0,duration=180,sentbyte=232,rcvdbyte=0,sentpkt=0,rcvdpkt=0,"appcat=""unscanned""","devtype=""Windows","PC""","devcategory=""None""","osname=""Windows""","osversion=""7""","mastersrcmac=""00:19:99:c5:ea:30""","srcmac=""00:19:99:c5:ea:30""",srcserver=0,,,,,,,,,,,,,,
date=2019-04-25,time=11:10:58,"logid=""0004000017""","type=""traffic""","subtype=""sniffer""","level=""notice""","vd=""root""",eventtime=1556158259,srcip=14.32.109.30,"srcname=""PC-SECURITY-SPC""",srcport=62706,"srcintf=""port14""","srcintfrole=""lan""",dstip=100.210.8.116,dstport=22,"dstintf=""port14""","dstintfrole=""lan""",sessionid=315800688,proto=17,"action=""accept""",policyid=4,"policytype=""sniffer""","service=""udp/15035""","dstcountry=""United","States""","srccountry=""Reserved""","trandisp=""snat""",transip=0.0.0.0,transport=0,duration=180,sentbyte=816,rcvdbyte=0,sentpkt=0,rcvdpkt=0,"appcat=""unscanned""","devtype=""Windows","PC""","devcategory=""None""","osname=""Windows""","osversion=""7""","mastersrcmac=""00:19:99:c5:ea:30""","srcmac=""00:19:99:c5:ea:30""",srcserver=0,,,,,,,,,,,,,,
date=2019-04-25,time=11:10:58,"logid=""0004000017""","type=""traffic""","subtype=""sniffer""","level=""notice""","vd=""root""",eventtime=1556158259,srcip=14.32.109.30,"srcname=""PC-SECURITY-SPC""",srcport=62704,"srcintf=""port14""","srcintfrole=""lan""",dstip=20.220.1.88,dstport=22,"dstintf=""port14""","dstintfrole=""lan""",sessionid=315800686,proto=17,"action=""accept""",policyid=4,"policytype=""sniffer""","service=""udp/15035""","dstcountry=""United","States""","srccountry=""Reserved""","trandisp=""snat""",transip=0.0.0.0,transport=0,duration=180,sentbyte=840,rcvdbyte=0,sentpkt=0,rcvdpkt=0,"appcat=""unscanned""","devtype=""Windows","PC""","devcategory=""None""","osname=""Windows""","osversion=""7""","mastersrcmac=""00:19:99:c5:ea:30""","srcmac=""00:19:99:c5:ea:30""",srcserver=0,,,,,,,,,,,,,,
date=2019-04-25,time=11:10:58,"logid=""0004000017""","type=""traffic""","subtype=""sniffer""","level=""notice""","vd=""root""",eventtime=1556158259,srcip=14.32.109.30,"srcname=""PC-SECURITY-SPC""",srcport=62699,"srcintf=""port14""","srcintfrole=""lan""",dstip=100.210.8.116,dstport=22,"dstintf=""port14""","dstintfrole=""lan""",sessionid=315800684,proto=17,"action=""accept""",policyid=4,"policytype=""sniffer""","service=""udp/15035""","dstcountry=""United","States""","srccountry=""Reserved""","trandisp=""snat""",transip=0.0.0.0,transport=0,duration=180,sentbyte=224,rcvdbyte=0,sentpkt=0,rcvdpkt=0,"appcat=""unscanned""","devtype=""Windows","PC""","devcategory=""None""","osname=""Windows""","osversion=""7""","mastersrcmac=""00:19:99:c5:ea:30""","srcmac=""00:19:99:c5:ea:30""",srcserver=0,,,,,,,,,,,,,,
date=2019-04-25,time=11:10:58,"logid=""0004000017""","type=""traffic""","subtype=""sniffer""","level=""notice""","vd=""root""",eventtime=1556158259,srcip=14.32.109.30,"srcname=""PC-SECURITY-SPC""",srcport=62692,"srcintf=""port14""","srcintfrole=""lan""",dstip=100.210.8.116,dstport=22,"dstintf=""port14""","dstintfrole=""lan""",sessionid=315800682,proto=17,"action=""accept""",policyid=4,"policytype=""sniffer""","service=""udp/15035""","dstcountry=""United","States""","srccountry=""Reserved""","trandisp=""snat""",transip=0.0.0.0,transport=0,duration=180,sentbyte=840,rcvdbyte=0,sentpkt=0,rcvdpkt=0,"appcat=""unscanned""","devtype=""Windows","PC""","devcategory=""None""","osname=""Windows""","osversion=""7""","mastersrcmac=""00:19:99:c5:ea:30""","srcmac=""00:19:99:c5:ea:30""",srcserver=0,,,,,,,,,,,,,,
date=2019-04-25,time=11:10:58,"logid=""0004000017""","type=""traffic""","subtype=""sniffer""","level=""notice""","vd=""root""",eventtime=1556158259,srcip=14.32.109.30,"srcname=""PC-SECURITY-SPC""",srcport=62687,"srcintf=""port14""","srcintfrole=""lan""",dstip=168.192.2.27,dstport=15000,"dstintf=""port14""","dstintfrole=""lan""",sessionid=315800680,proto=17,"action=""accept""",policyid=4,"policytype=""sniffer""","service=""udp/15000""","dstcountry=""United","States""","srccountry=""Reserved""","trandisp=""snat""",transip=0.0.0.0,transport=0,duration=180,sentbyte=96,rcvdbyte=0,sentpkt=0,rcvdpkt=0,"appcat=""unscanned""","devtype=""Windows","PC""","devcategory=""None""","osname=""Windows""","osversion=""7""","mastersrcmac=""00:19:99:c5:ea:30""","srcmac=""00:19:99:c5:ea:30""",srcserver=0,,,,,,,,,,,,,,
date=2019-04-25,time=11:10:58,"logid=""0004000017""","type=""traffic""","subtype=""sniffer""","level=""notice""","vd=""root""",eventtime=1556158259,srcip=14.32.109.30,"srcname=""PC-SECURITY-SPC""",srcport=62681,"srcintf=""port14""","srcintfrole=""lan""",dstip=100.210.8.116,dstport=22,"dstintf=""port14""","dstintfrole=""lan""",sessionid=315800678,proto=17,"action=""accept""",policyid=4,"policytype=""sniffer""","service=""udp/15035""","dstcountry=""United","States""","srccountry=""Reserved""","trandisp=""snat""",transip=0.0.0.0,transport=0,duration=180,sentbyte=824,rcvdbyte=0,sentpkt=0,rcvdpkt=0,"appcat=""unscanned""","devtype=""Windows","PC""","devcategory=""None""","osname=""Windows""","osversion=""7""","mastersrcmac=""00:19:99:c5:ea:30""","srcmac=""00:19:99:c5:ea:30""",srcserver=0,,,,,,,,,,,,,,
date=2019-04-25,time=11:10:58,"logid=""0004000017""","type=""traffic""","subtype=""sniffer""","level=""notice""","vd=""root""",eventtime=1556158259,srcip=14.32.109.30,"srcname=""PC-SECURITY-SPC""",srcport=62673,"srcintf=""port14""","srcintfrole=""lan""",dstip=10.60.90.118,dstport=22,"dstintf=""port14""","dstintfrole=""lan""",sessionid=315800676,proto=17,"action=""accept""",policyid=4,"policytype=""sniffer""","service=""udp/15035""","dstcountry=""Reserved""","srccountry=""Reserved""","trandisp=""snat""",transip=0.0.0.0,transport=0,duration=180,sentbyte=224,rcvdbyte=0,sentpkt=0,rcvdpkt=0,"appcat=""unscanned""","devtype=""Windows","PC""","devcategory=""None""","osname=""Windows""","osversion=""7""","mastersrcmac=""00:19:99:c5:ea:30""","srcmac=""00:19:99:c5:ea:30""",srcserver=0,,,,,,,,,,,,,,,
date=2019-04-25,time=11:10:58,"logid=""0004000017""","type=""traffic""","subtype=""sniffer""","level=""notice""","vd=""root""",eventtime=1556158259,srcip=14.32.109.30,"srcname=""PC-SECURITY-SPC""",srcport=62669,"srcintf=""port14""","srcintfrole=""lan""",dstip=20.220.1.88,dstport=22,"dstintf=""port14""","dstintfrole=""lan""",sessionid=315800674,proto=17,"action=""accept""",policyid=4,"policytype=""sniffer""","service=""udp/15035""","dstcountry=""United","States""","srccountry=""Reserved""","trandisp=""snat""",transip=0.0.0.0,transport=0,duration=180,sentbyte=640,rcvdbyte=0,sentpkt=0,rcvdpkt=0,"appcat=""unscanned""","devtype=""Windows","PC""","devcategory=""None""","osname=""Windows""","osversion=""7""","mastersrcmac=""00:19:99:c5:ea:30""","srcmac=""00:19:99:c5:ea:30""",srcserver=0,,,,,,,,,,,,,,
date=2019-04-25,time=11:10:58,"logid=""0004000017""","type=""traffic""","subtype=""sniffer""","level=""notice""","vd=""root""",eventtime=1556158259,srcip=14.32.109.30,"srcname=""PC-SECURITY-SPC""",srcport=62666,"srcintf=""port14""","srcintfrole=""lan""",dstip=30.10.50.149,dstport=22,"dstintf=""port14""","dstintfrole=""lan""",sessionid=315800672,proto=17,"action=""accept""",policyid=4,"policytype=""sniffer""","service=""udp/15035""","dstcountry=""United","States""","srccountry=""Reserved""","trandisp=""snat""",transip=0.0.0.0,transport=0,duration=180,sentbyte=248,rcvdbyte=0,sentpkt=0,rcvdpkt=0,"appcat=""unscanned""","devtype=""Windows","PC""","devcategory=""None""","osname=""Windows""","osversion=""7""","mastersrcmac=""00:19:99:c5:ea:30""","srcmac=""00:19:99:c5:ea:30""",srcserver=0,,,,,,,,,,,,,,
date=2019-04-25,time=11:10:58,"logid=""0004000017""","type=""traffic""","subtype=""sniffer""","level=""notice""","vd=""root""",eventtime=1556158259,srcip=14.32.109.30,"srcname=""PC-SECURITY-SPC""",srcport=62660,"srcintf=""port14""","srcintfrole=""lan""",dstip=100.210.8.116,dstport=22,"dstintf=""port14""","dstintfrole=""lan""",sessionid=315800670,proto=17,"action=""accept""",policyid=4,"policytype=""sniffer""","service=""udp/15035""","dstcountry=""United","States""","srccountry=""Reserved""","trandisp=""snat""",transip=0.0.0.0,transport=0,duration=180,sentbyte=40,rcvdbyte=0,sentpkt=0,rcvdpkt=0,"appcat=""unscanned""","devtype=""Windows","PC""","devcategory=""None""","osname=""Windows""","osversion=""7""","mastersrcmac=""00:19:99:c5:ea:30""","srcmac=""00:19:99:c5:ea:30""",srcserver=0,,,,,,,,,,,,,,
date=2019-04-25,time=11:10:58,"logid=""0004000017""","type=""traffic""","subtype=""sniffer""","level=""notice""","vd=""root""",eventtime=1556158259,srcip=14.32.109.30,"srcname=""PC-SECURITY-SPC""",srcport=62651,"srcintf=""port14""","srcintfrole=""lan""",dstip=10.210.32.74,dstport=22,"dstintf=""port14""","dstintfrole=""lan""",sessionid=315800668,proto=17,"action=""accept""",policyid=4,"policytype=""sniffer""","service=""udp/15035""","dstcountry=""Reserved""","srccountry=""Reserved""","trandisp=""snat""",transip=0.0.0.0,transport=0,duration=180,sentbyte=624,rcvdbyte=0,sentpkt=0,rcvdpkt=0,"appcat=""unscanned""","devtype=""Windows","PC""","devcategory=""None""","osname=""Windows""","osversion=""7""","mastersrcmac=""00:19:99:c5:ea:30""","srcmac=""00:19:99:c5:ea:30""",srcserver=0,,,,,,,,,,,,,,,
date=2019-04-25,time=11:10:58,"logid=""0004000017""","type=""traffic""","subtype=""sniffer""","level=""notice""","vd=""root""",eventtime=1556158259,srcip=14.32.109.30,"srcname=""PC-SECURITY-SPC""",srcport=62648,"srcintf=""port14""","srcintfrole=""lan""",dstip=100.210.8.116,dstport=22,"dstintf=""port14""","dstintfrole=""lan""",sessionid=315800666,proto=17,"action=""accept""",policyid=4,"policytype=""sniffer""","service=""udp/15035""","dstcountry=""United","States""","srccountry=""Reserved""","trandisp=""snat""",transip=0.0.0.0,transport=0,duration=180,sentbyte=72,rcvdbyte=0,sentpkt=0,rcvdpkt=0,"appcat=""unscanned""","devtype=""Windows","PC""","devcategory=""None""","osname=""Windows""","osversion=""7""","mastersrcmac=""00:19:99:c5:ea:30""","srcmac=""00:19:99:c5:ea:30""",srcserver=0,,,,,,,,,,,,,,
date=2019-04-25,time=11:10:58,"logid=""0004000017""","type=""traffic""","subtype=""sniffer""","level=""notice""","vd=""root""",eventtime=1556158259,srcip=14.32.109.30,"srcname=""PC-SECURITY-SPC""",srcport=62643,"srcintf=""port14""","srcintfrole=""lan""",dstip=30.10.50.149,dstport=22,"dstintf=""port14""","dstintfrole=""lan""",sessionid=315800664,proto=17,"action=""accept""",policyid=4,"policytype=""sniffer""","service=""udp/15035""","dstcountry=""United","States""","srccountry=""Reserved""","trandisp=""snat""",transip=0.0.0.0,transport=0,duration=180,sentbyte=232,rcvdbyte=0,sentpkt=0,rcvdpkt=0,"appcat=""unscanned""","devtype=""Windows","PC""","devcategory=""None""","osname=""Windows""","osversion=""7""","mastersrcmac=""00:19:99:c5:ea:30""","srcmac=""00:19:99:c5:ea:30""",srcserver=0,,,,,,,,,,,,,,
date=2019-04-25,time=11:10:58,"logid=""0004000017""","type=""traffic""","subtype=""sniffer""","level=""notice""","vd=""root""",eventtime=1556158259,srcip=14.32.109.30,"srcname=""PC-SECURITY-SPC""",srcport=62637,"srcintf=""port14""","srcintfrole=""lan""",dstip=30.10.50.149,dstport=22,"dstintf=""port14""","dstintfrole=""lan""",sessionid=315800662,proto=17,"action=""accept""",policyid=4,"policytype=""sniffer""","service=""udp/15035""","dstcountry=""United","States""","srccountry=""Reserved""","trandisp=""snat""",transip=0.0.0.0,transport=0,duration=180,sentbyte=816,rcvdbyte=0,sentpkt=0,rcvdpkt=0,"appcat=""unscanned""","devtype=""Windows","PC""","devcategory=""None""","osname=""Windows""","osversion=""7""","mastersrcmac=""00:19:99:c5:ea:30""","srcmac=""00:19:99:c5:ea:30""",srcserver=0,,,,,,,,,,,,,,
date=2019-04-25,time=11:10:58,"logid=""0004000017""","type=""traffic""","subtype=""sniffer""","level=""notice""","vd=""root""",eventtime=1556158259,srcip=14.32.109.30,"srcname=""PC-SECURITY-SPC""",srcport=62628,"srcintf=""port14""","srcintfrole=""lan""",dstip=10.210.32.74,dstport=22,"dstintf=""port14""","dstintfrole=""lan""",sessionid=315800660,proto=17,"action=""accept""",policyid=4,"policytype=""sniffer""","service=""udp/15035""","dstcountry=""Reserved""","srccountry=""Reserved""","trandisp=""snat""",transip=0.0.0.0,transport=0,duration=180,sentbyte=904,rcvdbyte=0,sentpkt=0,rcvdpkt=0,"appcat=""unscanned""","devtype=""Windows","PC""","devcategory=""None""","osname=""Windows""","osversion=""7""","mastersrcmac=""00:19:99:c5:ea:30""","srcmac=""00:19:99:c5:ea:30""",srcserver=0,,,,,,,,,,,,,,,
date=2019-04-25,time=11:10:58,"logid=""0004000017""","type=""traffic""","subtype=""sniffer""","level=""notice""","vd=""root""",eventtime=1556158259,srcip=14.32.109.30,"srcname=""PC-SECURITY-SPC""",srcport=62620,"srcintf=""port14""","srcintfrole=""lan""",dstip=20.220.1.88,dstport=22,"dstintf=""port14""","dstintfrole=""lan""",sessionid=315800658,proto=17,"action=""accept""",policyid=4,"policytype=""sniffer""","service=""udp/15035""","dstcountry=""United","States""","srccountry=""Reserved""","trandisp=""snat""",transip=0.0.0.0,transport=0,duration=180,sentbyte=176,rcvdbyte=0,sentpkt=0,rcvdpkt=0,"appcat=""unscanned""","devtype=""Windows","PC""","devcategory=""None""","osname=""Windows""","osversion=""7""","mastersrcmac=""00:19:99:c5:ea:30""","srcmac=""00:19:99:c5:ea:30""",srcserver=0,,,,,,,,,,,,,,
date=2019-04-25,time=11:10:58,"logid=""0004000017""","type=""traffic""","subtype=""sniffer""","level=""notice""","vd=""root""",eventtime=1556158259,srcip=14.32.109.30,"srcname=""PC-SECURITY-SPC""",srcport=62616,"srcintf=""port14""","srcintfrole=""lan""",dstip=20.220.1.88,dstport=22,"dstintf=""port14""","dstintfrole=""lan""",sessionid=315800656,proto=17,"action=""accept""",policyid=4,"policytype=""sniffer""","service=""udp/15035""","dstcountry=""United","States""","srccountry=""Reserved""","trandisp=""snat""",transip=0.0.0.0,transport=0,duration=180,sentbyte=792,rcvdbyte=0,sentpkt=0,rcvdpkt=0,"appcat=""unscanned""","devtype=""Windows","PC""","devcategory=""None""","osname=""Windows""","osversion=""7""","mastersrcmac=""00:19:99:c5:ea:30""","srcmac=""00:19:99:c5:ea:30""",srcserver=0,,,,,,,,,,,,,,
date=2019-04-25,time=11:10:58,"logid=""0004000017""","type=""traffic""","subtype=""sniffer""","level=""notice""","vd=""root""",eventtime=1556158259,srcip=14.32.109.30,"srcname=""PC-SECURITY-SPC""",srcport=62612,"srcintf=""port14""","srcintfrole=""lan""",dstip=100.210.8.116,dstport=22,"dstintf=""port14""","dstintfrole=""lan""",sessionid=315800654,proto=17,"action=""accept""",policyid=4,"policytype=""sniffer""","service=""udp/15035""","dstcountry=""United","States""","srccountry=""Reserved""","trandisp=""snat""",transip=0.0.0.0,transport=0,duration=180,sentbyte=176,rcvdbyte=0,sentpkt=0,rcvdpkt=0,"appcat=""unscanned""","devtype=""Windows","PC""","devcategory=""None""","osname=""Windows""","osversion=""7""","mastersrcmac=""00:19:99:c5:ea:30""","srcmac=""00:19:99:c5:ea:30""",srcserver=0,,,,,,,,,,,,,,
date=2019-04-25,time=11:10:58,"logid=""0004000017""","type=""traffic""","subtype=""sniffer""","level=""notice""","vd=""root""",eventtime=1556158259,srcip=14.32.109.30,"srcname=""PC-SECURITY-SPC""",srcport=62605,"srcintf=""port14""","srcintfrole=""lan""",dstip=100.210.8.116,dstport=22,"dstintf=""port14""","dstintfrole=""lan""",sessionid=315800652,proto=17,"action=""accept""",policyid=4,"policytype=""sniffer""","service=""udp/15035""","dstcountry=""United","States""","srccountry=""Reserved""","trandisp=""snat""",transip=0.0.0.0,transport=0,duration=180,sentbyte=792,rcvdbyte=0,sentpkt=0,rcvdpkt=0,"appcat=""unscanned""","devtype=""Windows","PC""","devcategory=""None""","osname=""Windows""","osversion=""7""","mastersrcmac=""00:19:99:c5:ea:30""","srcmac=""00:19:99:c5:ea:30""",srcserver=0,,,,,,,,,,,,,,
date=2019-04-25,time=11:10:58,"logid=""0004000017""","type=""traffic""","subtype=""sniffer""","level=""notice""","vd=""root""",eventtime=1556158259,srcip=14.32.109.30,"srcname=""PC-SECURITY-SPC""",srcport=62601,"srcintf=""port14""","srcintfrole=""lan""",dstip=20.220.1.88,dstport=22,"dstintf=""port14""","dstintfrole=""lan""",sessionid=315800650,proto=17,"action=""accept""",policyid=4,"policytype=""sniffer""","service=""udp/15035""","dstcountry=""United","States""","srccountry=""Reserved""","trandisp=""snat""",transip=0.0.0.0,transport=0,duration=180,sentbyte=960,rcvdbyte=0,sentpkt=0,rcvdpkt=0,"appcat=""unscanned""","devtype=""Windows","PC""","devcategory=""None""","osname=""Windows""","osversion=""7""","mastersrcmac=""00:19:99:c5:ea:30""","srcmac=""00:19:99:c5:ea:30""",srcserver=0,,,,,,,,,,,,,,
date=2019-04-25,time=11:10:58,"logid=""0004000017""","type=""traffic""","subtype=""sniffer""","level=""notice""","vd=""root""",eventtime=1556158259,srcip=14.32.109.30,"srcname=""PC-SECURITY-SPC""",srcport=62591,"srcintf=""port14""","srcintfrole=""lan""",dstip=20.220.1.88,dstport=22,"dstintf=""port14""","dstintfrole=""lan""",sessionid=315800648,proto=17,"action=""accept""",policyid=4,"policytype=""sniffer""","service=""udp/15035""","dstcountry=""United","States""","srccountry=""Reserved""","trandisp=""snat""",transip=0.0.0.0,transport=0,duration=180,sentbyte=168,rcvdbyte=0,sentpkt=0,rcvdpkt=0,"appcat=""unscanned""","devtype=""Windows","PC""","devcategory=""None""","osname=""Windows""","osversion=""7""","mastersrcmac=""00:19:99:c5:ea:30""","srcmac=""00:19:99:c5:ea:30""",srcserver=0,,,,,,,,,,,,,,
date=2019-04-25,time=11:10:58,"logid=""0004000017""","type=""traffic""","subtype=""sniffer""","level=""notice""","vd=""root""",eventtime=1556158259,srcip=14.32.109.30,"srcname=""PC-SECURITY-SPC""",srcport=62587,"srcintf=""port14""","srcintfrole=""lan""",dstip=20.220.1.88,dstport=22,"dstintf=""port14""","dstintfrole=""lan""",sessionid=315800646,proto=17,"action=""accept""",policyid=4,"policytype=""sniffer""","service=""udp/15035""","dstcountry=""United","States""","srccountry=""Reserved""","trandisp=""snat""",transip=0.0.0.0,transport=0,duration=180,sentbyte=984,rcvdbyte=0,sentpkt=0,rcvdpkt=0,"appcat=""unscanned""","devtype=""Windows","PC""","devcategory=""None""","osname=""Windows""","osversion=""7""","mastersrcmac=""00:19:99:c5:ea:30""","srcmac=""00:19:99:c5:ea:30""",srcserver=0,,,,,,,,,,,,,,
date=2019-04-25,time=11:10:58,"logid=""0004000017""","type=""traffic""","subtype=""sniffer""","level=""notice""","vd=""root""",eventtime=1556158259,srcip=14.32.109.30,"srcname=""PC-SECURITY-SPC""",srcport=62584,"srcintf=""port14""","srcintfrole=""lan""",dstip=10.210.32.74,dstport=22,"dstintf=""port14""","dstintfrole=""lan""",sessionid=315800644,proto=17,"action=""accept""",policyid=4,"policytype=""sniffer""","service=""udp/15035""","dstcountry=""Reserved""","srccountry=""Reserved""","trandisp=""snat""",transip=0.0.0.0,transport=0,duration=180,sentbyte=80,rcvdbyte=0,sentpkt=0,rcvdpkt=0,"appcat=""unscanned""","devtype=""Windows","PC""","devcategory=""None""","osname=""Windows""","osversion=""7""","mastersrcmac=""00:19:99:c5:ea:30""","srcmac=""00:19:99:c5:ea:30""",srcserver=0,,,,,,,,,,,,,,,
date=2019-04-25,time=11:10:58,"logid=""0004000017""","type=""traffic""","subtype=""sniffer""","level=""notice""","vd=""root""",eventtime=1556158259,srcip=14.32.109.30,"srcname=""PC-SECURITY-SPC""",srcport=62580,"srcintf=""port14""","srcintfrole=""lan""",dstip=100.210.8.116,dstport=22,"dstintf=""port14""","dstintfrole=""lan""",sessionid=315800642,proto=17,"action=""accept""",policyid=4,"policytype=""sniffer""","service=""udp/15035""","dstcountry=""United","States""","srccountry=""Reserved""","trandisp=""snat""",transip=0.0.0.0,transport=0,duration=180,sentbyte=168,rcvdbyte=0,sentpkt=0,rcvdpkt=0,"appcat=""unscanned""","devtype=""Windows","PC""","devcategory=""None""","osname=""Windows""","osversion=""7""","mastersrcmac=""00:19:99:c5:ea:30""","srcmac=""00:19:99:c5:ea:30""",srcserver=0,,,,,,,,,,,,,,
date=2019-04-25,time=11:10:58,"logid=""0004000017""","type=""traffic""","subtype=""sniffer""","level=""notice""","vd=""root""",eventtime=1556158259,srcip=14.32.109.30,"srcname=""PC-SECURITY-SPC""",srcport=62576,"srcintf=""port14""","srcintfrole=""lan""",dstip=100.210.8.116,dstport=22,"dstintf=""port14""","dstintfrole=""lan""",sessionid=315800640,proto=17,"action=""accept""",policyid=4,"policytype=""sniffer""","service=""udp/15035""","dstcountry=""United","States""","srccountry=""Reserved""","trandisp=""snat""",transip=0.0.0.0,transport=0,duration=180,sentbyte=984,rcvdbyte=0,sentpkt=0,rcvdpkt=0,"appcat=""unscanned""","devtype=""Windows","PC""","devcategory=""None""","osname=""Windows""","osversion=""7""","mastersrcmac=""00:19:99:c5:ea:30""","srcmac=""00:19:99:c5:ea:30""",srcserver=0,,,,,,,,,,,,,,
date=2019-04-25,time=11:10:58,"logid=""0004000017""","type=""traffic""","subtype=""sniffer""","level=""notice""","vd=""root""",eventtime=1556158259,srcip=14.32.109.30,"srcname=""PC-SECURITY-SPC""",srcport=62573,"srcintf=""port14""","srcintfrole=""lan""",dstip=20.220.3.242,dstport=22,"dstintf=""port14""","dstintfrole=""lan""",sessionid=315800638,proto=17,"action=""accept""",policyid=4,"policytype=""sniffer""","service=""udp/15035""","dstcountry=""United","States""","srccountry=""Reserved""","trandisp=""snat""",transip=0.0.0.0,transport=0,duration=180,sentbyte=168,rcvdbyte=0,sentpkt=0,rcvdpkt=0,"appcat=""unscanned""","devtype=""Windows","PC""","devcategory=""None""","osname=""Windows""","osversion=""7""","mastersrcmac=""00:19:99:c5:ea:30""","srcmac=""00:19:99:c5:ea:30""",srcserver=0,,,,,,,,,,,,,,
date=2019-04-25,time=11:10:58,"logid=""0004000017""","type=""traffic""","subtype=""sniffer""","level=""notice""","vd=""root""",eventtime=1556158259,srcip=14.32.109.30,"srcname=""PC-SECURITY-SPC""",srcport=62569,"srcintf=""port14""","srcintfrole=""lan""",dstip=10.210.32.74,dstport=22,"dstintf=""port14""","dstintfrole=""lan""",sessionid=315800636,proto=17,"action=""accept""",policyid=4,"policytype=""sniffer""","service=""udp/15035""","dstcountry=""Reserved""","srccountry=""Reserved""","trandisp=""snat""",transip=0.0.0.0,transport=0,duration=180,sentbyte=528,rcvdbyte=0,sentpkt=0,rcvdpkt=0,"appcat=""unscanned""","devtype=""Windows","PC""","devcategory=""None""","osname=""Windows""","osversion=""7""","mastersrcmac=""00:19:99:c5:ea:30""","srcmac=""00:19:99:c5:ea:30""",srcserver=0,,,,,,,,,,,,,,,
date=2019-04-25,time=11:10:58,"logid=""0004000017""","type=""traffic""","subtype=""sniffer""","level=""notice""","vd=""root""",eventtime=1556158259,srcip=14.32.109.30,"srcname=""PC-SECURITY-SPC""",srcport=62562,"srcintf=""port14""","srcintfrole=""lan""",dstip=10.210.32.74,dstport=22,"dstintf=""port14""","dstintfrole=""lan""",sessionid=315800634,proto=17,"action=""accept""",policyid=4,"policytype=""sniffer""","service=""udp/15035""","dstcountry=""Reserved""","srccountry=""Reserved""","trandisp=""snat""",transip=0.0.0.0,transport=0,duration=180,sentbyte=224,rcvdbyte=0,sentpkt=0,rcvdpkt=0,"appcat=""unscanned""","devtype=""Windows","PC""","devcategory=""None""","osname=""Windows""","osversion=""7""","mastersrcmac=""00:19:99:c5:ea:30""","srcmac=""00:19:99:c5:ea:30""",srcserver=0,,,,,,,,,,,,,,,
date=2019-04-25,time=11:10:58,"logid=""0004000017""","type=""traffic""","subtype=""sniffer""","level=""notice""","vd=""root""",eventtime=1556158259,srcip=10.40.10.71,"srcname=""admin-PC""",srcport=137,"srcintf=""port14""","srcintfrole=""lan""",dstip=10.40.255.255,dstport=137,"dstintf=""port14""","dstintfrole=""lan""",sessionid=315800632,proto=17,"action=""accept""",policyid=4,"policytype=""sniffer""","service=""udp/137""","dstcountry=""Reserved""","srccountry=""Reserved""","trandisp=""snat""",transip=0.0.0.0,transport=0,duration=180,sentbyte=136,rcvdbyte=0,sentpkt=0,rcvdpkt=0,appid=17017,"app=""NetBIOS.Name.Service""","appcat=""Network.Service""","apprisk=""elevated""","applist=""sniffer-profile""","utmaction=""allow""",countapp=1,sentdelta=136,rcvddelta=0,"devtype=""Windows","Tablet""","devcategory=""None""","osname=""Windows","NT""","osversion=""6.1""","mastersrcmac=""98:83:89:4b:1c:ce""","srcmac=""98:83:89:4b:1c:ce""",srcserver=0,utmref=62515-1081680,,,,,
date=2019-04-25,time=11:10:58,"logid=""0004000017""","type=""traffic""","subtype=""sniffer""","level=""notice""","vd=""root""",eventtime=1556158259,srcip=14.32.109.30,"srcname=""PC-SECURITY-SPC""",srcport=62553,"srcintf=""port14""","srcintfrole=""lan""",dstip=20.220.1.88,dstport=22,"dstintf=""port14""","dstintfrole=""lan""",sessionid=315800630,proto=17,"action=""accept""",policyid=4,"policytype=""sniffer""","service=""udp/15035""","dstcountry=""United","States""","srccountry=""Reserved""","trandisp=""snat""",transip=0.0.0.0,transport=0,duration=180,sentbyte=112,rcvdbyte=0,sentpkt=0,rcvdpkt=0,"appcat=""unscanned""","devtype=""Windows","PC""","devcategory=""None""","osname=""Windows""","osversion=""7""","mastersrcmac=""00:19:99:c5:ea:30""","srcmac=""00:19:99:c5:ea:30""",srcserver=0,,,,,,,,,,,,,,
date=2019-04-25,time=11:10:58,"logid=""0004000017""","type=""traffic""","subtype=""sniffer""","level=""notice""","vd=""root""",eventtime=1556158259,srcip=14.32.109.30,"srcname=""PC-SECURITY-SPC""",srcport=62548,"srcintf=""port14""","srcintfrole=""lan""",dstip=10.210.32.74,dstport=22,"dstintf=""port14""","dstintfrole=""lan""",sessionid=315800628,proto=17,"action=""accept""",policyid=4,"policytype=""sniffer""","service=""udp/15035""","dstcountry=""Reserved""","srccountry=""Reserved""","trandisp=""snat""",transip=0.0.0.0,transport=0,duration=180,sentbyte=808,rcvdbyte=0,sentpkt=0,rcvdpkt=0,"appcat=""unscanned""","devtype=""Windows","PC""","devcategory=""None""","osname=""Windows""","osversion=""7""","mastersrcmac=""00:19:99:c5:ea:30""","srcmac=""00:19:99:c5:ea:30""",srcserver=0,,,,,,,,,,,,,,,